﻿{"cameraMode":{"drawMode":0,"name":"Shaded","section":"Shading Mode"},"sceneLighting":false,"audioPlay":false,"sceneViewState":{"showFog":true,"showMaterialUpdate":false,"showSkybox":true,"showFlares":true,"showImageEffects":true,"showParticleSystems":true},"in2DMode":false,"pivot":{"x":-3.4140000343322756,"y":13.5,"z":3.5899996757507326},"rotation":{"x":0.21143516898155213,"y":-0.12424261122941971,"z":0.027106303721666337,"w":0.9690842628479004},"size":3.791411876678467,"orthographic":false}