﻿{"cameraMode":{"drawMode":0,"name":"Shaded","section":"Shading Mode"},"sceneLighting":false,"audioPlay":false,"sceneViewState":{"showFog":true,"showMaterialUpdate":false,"showSkybox":true,"showFlares":true,"showImageEffects":true,"showParticleSystems":true},"in2DMode":false,"pivot":{"x":286.8405456542969,"y":253.5372314453125,"z":-187.13050842285157},"rotation":{"x":0.05128251016139984,"y":-0.017985066398978235,"z":0.0009228760609403253,"w":0.9985218048095703},"size":180.55088806152345,"orthographic":false}