﻿{"cameraMode":{"drawMode":0,"name":"Shaded","section":"Shading Mode"},"sceneLighting":false,"audioPlay":false,"sceneViewState":{"showFog":true,"showMaterialUpdate":false,"showSkybox":true,"showFlares":true,"showImageEffects":true,"showParticleSystems":true},"in2DMode":false,"pivot":{"x":0.0899999737739563,"y":14.649999618530274,"z":3.5899999141693117},"rotation":{"x":0.21143516898155213,"y":-0.12424261122941971,"z":0.027106303721666337,"w":0.9690842628479004},"size":6.200136661529541,"orthographic":false}