﻿{"cameraMode":{"drawMode":0,"name":"Shaded","section":"Shading Mode"},"sceneLighting":false,"audioPlay":false,"sceneViewState":{"showFog":true,"showMaterialUpdate":false,"showSkybox":true,"showFlares":true,"showImageEffects":true,"showParticleSystems":true},"in2DMode":false,"pivot":{"x":187.96356201171876,"y":308.07525634765627,"z":-37.866127014160159},"rotation":{"x":0.16603921353816987,"y":-0.0029636777471750976,"z":0.0004986454150639474,"w":0.9861145615577698},"size":88.02586364746094,"orthographic":false}