﻿{"cameraMode":{"drawMode":0,"name":"Shaded","section":"Shading Mode"},"sceneLighting":true,"audioPlay":false,"sceneViewState":{"showFog":true,"showMaterialUpdate":false,"showSkybox":true,"showFlares":true,"showImageEffects":true,"showParticleSystems":true},"in2DMode":false,"pivot":{"x":0.8071979880332947,"y":18.734676361083986,"z":-7.156557559967041},"rotation":{"x":0.2755361497402191,"y":-0.19581739604473115,"z":0.05743550881743431,"w":0.939380943775177},"size":2.8578836917877199,"orthographic":false}