﻿{"cameraMode":{"drawMode":0,"name":"Shaded","section":"Shading Mode"},"sceneLighting":true,"audioPlay":false,"sceneViewState":{"showFog":true,"showMaterialUpdate":false,"showSkybox":true,"showFlares":true,"showImageEffects":true,"showParticleSystems":true},"in2DMode":false,"pivot":{"x":2.849252939224243,"y":3.547914981842041,"z":5.647891998291016},"rotation":{"x":-0.00976171251386404,"y":0.9897500276565552,"z":-0.11513955146074295,"w":-0.08391925692558289},"size":2.307875633239746,"orthographic":false}