﻿{"cameraMode":{"drawMode":0,"name":"Shaded","section":"Shading Mode"},"sceneLighting":false,"audioPlay":false,"sceneViewState":{"showFog":true,"showMaterialUpdate":false,"showSkybox":true,"showFlares":true,"showImageEffects":true,"showParticleSystems":true},"in2DMode":false,"pivot":{"x":3.169506072998047,"y":3.3871374130249025,"z":3.8680593967437746},"rotation":{"x":-0.05698132887482643,"y":0.8737497329711914,"z":-0.10563073307275772,"w":-0.47133511304855349},"size":2.12343168258667,"orthographic":false}