﻿{"cameraMode":{"drawMode":0,"name":"Shaded","section":"Shading Mode"},"sceneLighting":true,"audioPlay":false,"sceneViewState":{"showFog":true,"showMaterialUpdate":false,"showSkybox":true,"showFlares":true,"showImageEffects":true,"showParticleSystems":true},"in2DMode":false,"pivot":{"x":1.9757626056671143,"y":1.2070590257644654,"z":-4.0234785079956059},"rotation":{"x":0.014688270166516304,"y":0.017094438895583154,"z":0.00025110397837124765,"w":-0.9997459650039673},"size":3.6891121864318849,"orthographic":false}