﻿{"cameraMode":{"drawMode":0,"name":"Shaded","section":"Shading Mode"},"sceneLighting":false,"audioPlay":false,"sceneViewState":{"showFog":true,"showMaterialUpdate":false,"showSkybox":true,"showFlares":true,"showImageEffects":true,"showParticleSystems":true},"in2DMode":false,"pivot":{"x":2.175568103790283,"y":2.1603100299835207,"z":4.56187105178833},"rotation":{"x":-0.05698132887482643,"y":0.8737497329711914,"z":-0.10563073307275772,"w":-0.47133511304855349},"size":2.161179304122925,"orthographic":false}